,Title,Description,Category Name
1,ü§Ø IS THE TOMATO REALLY AN APPLE? ü§Ø Photography Tutorial in #Shorts by youneszarou,Thanks for watching. I am glad if I could entertain you with my videos. For more cool videos just leave a subscription and a like thereCheck out my Facebook page:  me on instagram:  me on TikTok:  #youneszarou #shorts #youneszaroushorts,Entertainment
2,George Harrison - My Sweet Lord (Official Music Video),"Official Music Video for George Harrison ‚ÄúMy Sweet Lord‚Äù In celebration of the 50th anniversary of George Harrison's classic solo album, All Things Must Pass is celebrated with a suite of new releases including  a stunning new mix of the classic album by Grammy Award-winning mixer/engineer Paul Hicks, overseen by executive producer Dhani Harrison. Available Now:   Written & Directed By: Lance BangsExecutive Produced By: Dhani Harrison, David Zonshine Featuring In Order of Appearance:Mark HamillFred ArmisenVanessa BayerMoshe KasherNatasha LeggeroJeff LynneReggie WattsDarren CrissPatton OswaltAl YankovicDavid GborieSam RichardsonAtsuko OkatsukaRosanna ArquetteBrandon WardellRingo StarrJoe WalshJon HammBrett MetterAnders HolmDhani HarrisonRupert FriendAngus SampsonTaika WaititiEric WareheimTim HeideckerKate MicucciRiki LindhomeAlyssa StonohaMitra JouhariSandy HonigOlivia HarrisonAimee MullinsCourtney PaurosoNatalie PalamidesShepard FaireyClaudia O'DohertyTom ScharplingPaul ScheerSarah Baker Subscribe to not miss any updates and videos:   Listen to George Harrison:    Watch more George Harrison videos:     Follow George Harrison: Instagram:      #GeorgeHarrison #AllThingsMustPass #MySweetLord",Music
3,we stayed overnight in a murder house,We Stayed Overnight In A Murder Housejoin my patreon  !!! revenue made from patreon will be donated to charities of our choice that we will pick as a community at the end of every month on Patreon. Think of it as a way for you to have a good time while helping others around the world :)Follow my socials:‚ûΩ Twitter - @larray‚ûΩ Instagram - @larray‚ûΩ join my  discord: discord.gg/larray Scream | Official Trailer -  girliesxo.comSubscribe to issa: @twaimz :)#Larray #Twaimz #Vlog #MurderHouse,People & Blogs
4,One Trillion Minecraft Views on YouTube and Counting,"The Minecraft community has crushed one trillion views on YouTube. Celebrate this huge milestone with a look back at some of the biggest moments in Minecraft history.  thanks to:Aphmau, BriannaPlayz, CaptainSparklez, Chandler Hallow, Chris Tyson, DanTDM, Dream, Element Animation, Felipe Neto,  Fuze III, GeorgeNotFound, GermanLetsPlay, Grian, JeromeASF, Julia MineGirl, Karl Jacobs, LazarBeam, Logdotzip, Maizen, Mikecrack, MrBeast, Mumbo Jumbo, Noxcrew, PewDiePie, Plech, PrestonPlayz, Ïû†Îú∞, Spark Universe, stampylonghead, Techno Gamerz, Teweran, Tex HS, TryHardNinja, VEGETTA777And the entire Minecraft community.",Entertainment
5,Brawl Stars Animation: Brawlidays Symphony,"Download NOW!! ‚ñ∫‚ñ∫  a BRAWLER! Subscribe! ‚ñ∫‚ñ∫  3v3 multiplayer and battle royale made for mobile! Play with friends or solo across a variety of game modes in under three minutes.Unlock and upgrade dozens of Brawlers with powerful Super abilities, Star Powers and Gadgets! Collect unique skins to stand out and show off. Battle in a variety of mysterious locations within the Brawliverse!BATTLE IN MULTIPLE GAME MODES- Gem Grab (3v3): Team up and out-strategize the opposing team. Collect and hold 10 gems to win, but get fragged and lose your gems.- Showdown (Solo/Duo): A battle royale style fight for survival. Collect power ups for your Brawler. Grab a friend or play solo - be the last Brawler standing in the rowdiest battle royale yet. Winner take all!- Brawl Ball (3v3): It's a whole new Brawl game! Show off your soccer/football skills and score two goals before the other team. There are no red cards here.- Bounty (3v3): Take out opponents to earn stars, but don‚Äôt let them pick you off. The squad with the most stars wins the match!- Heist (3v3): Protect your team‚Äôs safe and try to crack open your opponents‚Äô. Navigate the map to sneak, blast and blow your way clear to the enemies treasure.- Special Events: Limited time special PvE and PvP game modes.- Championship Challenge: Join Brawl Stars' esports scene with in-game qualifiers!UNLOCK AND UPGRADE BRAWLERSCollect and upgrade a variety of Brawlers with powerful Super abilities, Star Powers and Gadgets! Level them up and collect unique skins.BRAWL PASSComplete quests, open Brawl Boxes, earn Gems, pins and an exclusive Brawl Pass skin! Fresh content every season.BECOME THE STAR PLAYERClimb the local and regional leaderboards to prove you‚Äôre the greatest Brawler of them all!CONSTANTLY EVOLVINGLook out for new Brawlers, skins, maps, special events and games modes in the future.PLEASE NOTE! Brawl Stars is free to download and play, however, some game items can also be purchased for real money. If you don't want to use this feature, please disable in-app purchases in your device's settings. Also, under our Terms of Service and Privacy Policy, you must be at least 9 years of age to play or download Brawl Stars.Features:- Team up for real-time 3v3 battles against players from across the world- A fast-paced multiplayer battle royale mode made for mobile- Unlock and collect new, powerful Brawlers - each with a signature attack and Super ability- New events and game modes daily- Battle solo or with friends- Climb to the top of the leaderboards in global and local rankings - Join or start your own Club with fellow players to share tips and battle together- Customize Brawlers with unlockable skins- Player-designed maps offer challenging new terrain to masterFrom the makers of Clash of Clans, Clash Royale and Boom Beach!Support:Contact us in-game via Settings, Help and Support ‚Äî or visit  Policy: of Service: Guide:",Gaming
6,How I‚Äôm finna be at the Spider-Man Movie, not gonna lie NOTHING finna ruin this experience for me!~RDC Social Media ~@RDCWorld1Mark Phillips - @SupremeDreams_1Affiong Harris - @CleanUniformDesmond Johnson - @l0v3andPeac3Leland Manigo - @23_Is_LelandDylan Patel - @DylanPatel4_Benjamin Skinner - @Ive_Ben_JamminJohnathan Newton - @PlayThatJohnMERCH CHANNEL CHANNEL CON INFO!,Comedy
7,GTA 5 - DLC Vehicle Customization - Bravado Buffalo STX (Dodge Charger Hellcat),"Bravado Buffalo STXBase Price - $2,150,000 (Trade Price: $1,612,500) Class - MuscleDrive-train - RWDPrimarily Based Off - Dodge Charger SRT HellcatDLC Update - The Contract Update",Gaming
8,EXPLODING Glitter Bomb 4.0 vs. Package Thieves,"Merry Christmas ya filthy animals. If you want to learn the design fundamentals it takes to make something like the Glitter Bomb, enroll in my Creative Engineering course at  and I'll see you in class!Get the new Glitterbomb 4.0 tshirt here-  big shout out to Protolabs for the quick-turn machined parts. If you need some dope parts made fast, check out more about digital manufacturing right here:  the scenes look at how we filmed the parody Apple commercial bit using the SISU Robotic Arm at Bubba's LA-  dog feeder kickstarter project made in my class is called Houndsy :)  for Phat Gus stealing the package provided by-  are some faces blurred but not others? I default to blurring all faces (assuming it‚Äôs clear enough you can tell who they are) unless we have permission to not blur. More about my Creative Engineering class: This class is a hands-on, 30-day learning experience that will teach you how to use engineering and science to bring your creative ideas to life. During this class, I'm going to share with you my entire creative engineering process from start to finish. You're going to follow along with me as I fully design and engineer 3 brand new builds from scratch... from how I come up the idea, all the way through bringing the final builds to life. The best part is, over the month, you'll follow along with me and my process, side by side, and you will leave the class with 3 original, creative builds of your own. This is the class I wish I had when I was starting out. It's designed to take your skills to make cool stuff to the next level, whether you're a beginner or a more experienced maker/engineer. The class officially starts in early Jan, and it will only run a few times per year, so claim your spot if you're interested! See you in class! Love, MarkNANLUX's lights were instrumental for filming with the robotic arm:  to  for providing the lid stop plungers",Science & Technology
9,I Customized 100 Houses And Gave Them Away!,MAKE SURE YOU WATCH UNTIL THE VILLAGE IS FINISHED!Subscribe to all these channels!NicksArtt -  Crafts - Shorts -  TV -  -  Shorts -  these!Instagram -  -  - ,Entertainment
10,Indie World Showcase 12.15.2021 - Nintendo Switch,Check out a selection of indie games from around the world coming to Nintendo Switch in the latest Indie World Showcase!Follow Indie World on Twitter:  Nintendo.com to find more indie games:  ‚Äì Indie World Showcase Intro00:28 ‚Äì Sea of Stars02:24 ‚Äì Aliisha: The Oblivion of the Twin Goddesses04:55 ‚Äì Loco Motive06:59 ‚Äì Afterlove EP09:24 ‚Äì Dungeon Munchies11:11 ‚Äì Figment 2: Creed Valley13:04 ‚Äì Let‚Äôs Play! Oink Games14:09 ‚Äì EndlingÔºçExtinction is Forever16:21 ‚Äì OlliOlli World17:30 ‚Äì River City Girls 220:22 ‚Äì Parkasaurus20:34 ‚Äì Don‚Äôt Starve Together20:46 ‚Äì Chicory: A Colorful Tale20:58 ‚Äì Baby Storm21:10 ‚Äì GRIME21:22 ‚Äì Gerda: A Flame in Winter21:34 ‚Äì Timelie21:48 ‚Äì Behind the Frame: The Finest Scenery22:13 ‚Äì OMORI23:39 ‚Äì Indie World Showcase Outro#IndieWorld #NintendoSwitchSubscribe for more Nintendo fun!  Nintendo.com for all the latest!  Nintendo on Facebook:  us on Twitter:  us on Instagram:  us on Pinterest: ,Gaming
11,"Minecraft Celebrates the Community! (Yes, that means you!)","The Minecraft community have generated so much content on YouTube, that when the trillionth click was clacked this video appeared. Welcome to a world that the community inspired, with their seemingly endless creativity and love for a little game about blocks. A trillion views means A LOT of content, so we couldn‚Äôt fit it all in there but can you spot all the references in our #Minecraftmuseum? Be warned, you might have to watch it a trillion times to catch them all.",Gaming
12,Lebron Snubbed Me Again At The Lakers Game...,Thank you to SeatGeek for sponsoring this video. Use code CASH for $20 off your first order.  Channel:  2HYPE Channel:  me on Twitter: www.twitter.com/cashnastygamingInstagram: @cashnastyI livestream on Twitch! www.twitch.tv/cashnastygaming,Entertainment
13,Ranking Girls on Attractiveness | 6 Girls VS 6 Guys,Click here  and subscribe to get 20% off your first custom 16oz set + free shipping!!Follow me on TWITCH ME!David Alvarez: Twitter:    business inquires: Please Email me at AlphaMonkeysBusiness@gmail.comvideo inspired by Jubilee! make sure to check out their channel BYCarlos Alvarez by Team PlaybackWebsite:   Inquiries: matt@teamplayback.com- - - - - - -FOLLOW THE GUYS & GIRLSKnJ SEAVEY WEBBER THE GALSCHELSEY you‚Äôre reading this you‚Äôre better than most people. comment ‚Äúdavid you‚Äôre a short king‚Äù,Comedy
14,Why We Should NOT Look For Aliens - The Dark Forest,"Getting something from the kurzgesagt shop is the best way to support us and to keep our videos free for everyone. Thank You!‚ñ∫‚ñ∫  (Worldwide Shipping Available)Sources & further reading: Universe is incredibly big and seems full of potential for life, with billions of habitable planets. If an advanced civilization had the technology to travel between the stars, at just 0.1% of the speed of light, It could colonize our galaxy in roughly 100 million years. Which is not that long given the billions of years the milky way has existed ‚Äì so in principle any spacefaring civilization should be able to spread rapidly over huge sectors of the galaxy. And yet we see nothing, hear nothing, the universe seems empty. Devoid of others. This is the Fermi Paradox, which we have discussed in more detail in other videos.Confronted with the seemingly empty universe, humanity faces a dilemma. We desperately want to know if we are alone in the Milky Way. We want to call out and reveal ourselves to anyone watching but that could be the last thing we ever do. Because maybe the universe is not empty. Maybe it‚Äôs full of civilizations but they are hiding from each other. Maybe the civilizations that attracted attention in the past were wiped away by invisible arrows. This is the Dark Forest solution to the Fermi paradox.OUR CHANNELS‚ñÄ‚ñÄ‚ñÄ‚ñÄ‚ñÄ‚ñÄ‚ñÄ‚ñÄ‚ñÄ‚ñÄ‚ñÄ‚ñÄ‚ñÄ‚ñÄ‚ñÄ‚ñÄ‚ñÄ‚ñÄ‚ñÄ‚ñÄ‚ñÄ‚ñÄ‚ñÄ‚ñÄ‚ñÄ‚ñÄGerman Channel:  Spanish Channel:  HOW CAN YOU SUPPORT US?‚ñÄ‚ñÄ‚ñÄ‚ñÄ‚ñÄ‚ñÄ‚ñÄ‚ñÄ‚ñÄ‚ñÄ‚ñÄ‚ñÄ‚ñÄ‚ñÄ‚ñÄ‚ñÄ‚ñÄ‚ñÄ‚ñÄ‚ñÄ‚ñÄ‚ñÄ‚ñÄ‚ñÄ‚ñÄ‚ñÄThis is how we make our living and it would be a pleasure if you support us!Get Merch designed with ‚ù§   Join the Patreon Bird Army     DISCUSSIONS & SOCIAL MEDIA‚ñÄ‚ñÄ‚ñÄ‚ñÄ‚ñÄ‚ñÄ‚ñÄ‚ñÄ‚ñÄ‚ñÄ‚ñÄ‚ñÄ‚ñÄ‚ñÄ‚ñÄ‚ñÄ‚ñÄ‚ñÄ‚ñÄ‚ñÄ‚ñÄ‚ñÄ‚ñÄ‚ñÄ‚ñÄ‚ñÄReddit:                                                 VOICE‚ñÄ‚ñÄ‚ñÄ‚ñÄ‚ñÄ‚ñÄ‚ñÄ‚ñÄ‚ñÄ‚ñÄ‚ñÄ‚ñÄ‚ñÄ‚ñÄ‚ñÄ‚ñÄ‚ñÄ‚ñÄ‚ñÄ‚ñÄ‚ñÄ‚ñÄ‚ñÄ‚ñÄ‚ñÄ‚ñÄThe Kurzgesagt voice is from Steve Taylor:   MUSIC ‚ô¨‚ô™‚ñÄ‚ñÄ‚ñÄ‚ñÄ‚ñÄ‚ñÄ‚ñÄ‚ñÄ‚ñÄ‚ñÄ‚ñÄ‚ñÄ‚ñÄ‚ñÄ‚ñÄ‚ñÄ‚ñÄ‚ñÄ‚ñÄ‚ñÄ‚ñÄ‚ñÄ‚ñÄ‚ñÄ‚ñÄ‚ñÄ700+ minutes of Kurzgesagt Soundtracks by Epic Mountain:Spotify:                                      Soundtrack of this video:Soundcloud:   you want to help us caption this video, please send subtitles to subtitle@kurzgesagt.orgYou can find info on what subtitle files work on YouTube here: you! PATREON BIRD ARMY ‚ñÄ‚ñÄ‚ñÄ‚ñÄ‚ñÄ‚ñÄ‚ñÄ‚ñÄ‚ñÄ‚ñÄ‚ñÄ‚ñÄ‚ñÄ‚ñÄ‚ñÄ‚ñÄ‚ñÄ‚ñÄ‚ñÄ‚ñÄ‚ñÄ‚ñÄ‚ñÄ‚ñÄ‚ñÄ‚ñÄMany Thanks to our wonderful Patreons (from  who support us every month and made this video possible:Ibrahim Khan, gibraltar, Farago Adam, Rico Meinl, Krego Kim, dove, Quentin Le Guennec, CompileNix, Kitty Kuran, Harry Smith, Marc, Nick Vest, Adrian Plummer, Daniel P, William Refsland, Ugur Doga Sezgin, Alexander Dinkelacker, Tk Price, Digital Curio, Splintercat, Mario M√ºller, Stanley Thompson-Thorn, Nicholas Thaera, Dan Pritts, Josh Lewis!, OffBeatBunny, Christopher Yanac, Leo Espinoza, Amocin, Emily, John Vo, N. A., Pascal Rappolt, Logan Baker, Naiche, Josh, Frederik Ebert, steve young, Ganael D, Kai, Thomas Torrissen, Andrew Weir, Victoria Dewey, Niza Mar, Rajeev Lachmipersad, John Sheffield, French Today (Camille), Kirill Vlasov, Kamito Kazaha, Adam Kurzrok, Kity Bird, Jordan Casley, Jan Pavelka, ADRIAN, Garrett Agard, Martin Etnestad Johansen, Fernanda Scovino, S√©bastien Lescos, Krishen Seegobin, maylia 313, Steve Robinson, Xsitsu, jesse jones, Andrija Nenin, Pascal Newman, luixo, Zachary Stiggelbout, Brandon Wolf",Education
15,Why New York‚Äôs Billionaires‚Äô Row Is Half Empty,"Manhattan‚Äôs skyscrapers aren‚Äôt really built for people anymore. For more by The B1M subscribe now -   Full story here -  Presenter - Fred MillsProducer - Jaden UrbiCamera Op and Video Editing - Aaron WoodMotion Graphics - Vince North Executive Producers - Fred Mills and James DurkinAssociate Producers - Liam Marsh, Adam Savage and Tim GibsonUS Travel and Logistics - Caroline Mills Special thanks to Ryan Serhant, Matthew Soules, Samuel Stein and The Dronalist. Additional footage from SERHANT., louisatalksbuildings, cody.boone, matalynnthayer, thevictoriashtainerteam, nilelundgren, nyconstructionphoto, Hey, it‚Äôs Kimberlee!, Periscope Film, Andrew M Cuomo, ABC News, CNBC, Municipal Art Society of New York, Streeteasy, Bloomberg, Euronews, Disney and OpenStreetMap contributors.For more from The Dronalist visit -   Ryan Serhant‚Äôs channel -  Kimberlee‚Äôs channel -  Matthew Soules‚Äô book -  Samuel Stein‚Äôs book -  Additional research:SERHANT. -  New York City Housing and Vacancy Survey -  NYC IBO Report on One57‚Äôs 421-a exemption -  The Accidental Skyline report -  Go Behind The B1M. Click ""JOIN"" here -  The B1M Merch store -  this video and more at -  Follow us on Twitter -  us on Facebook -  us on LinkedIn -  us on Instagram -  #architecture #skyscrapersWe welcome you sharing our content to inspire others, but please be nice and play by our rules -  content may only be embedded onto third party websites by arrangement. We have established partnerships with domains to share our content and help it reach a wider audience. If you are interested in partnering with us please contact Enquiries@TheB1M.com.Ripping and/or editing this video is illegal and will result in legal action. ¬© 2021 The B1M Limited",Education
16,Ken Block‚Äôs NEW Audi #S1HOONITRON Gymkhana Prototype!,"The future of Gymkhana has arrived! Introducing my brand new Audi S1 e-tron quattro Hoonitron! Brian and I take a quick trip to Audi‚Äôs Design Center in Ingolstadt, Germany to see my 1 of 1 Gymkhana Prototype. It's wild that Audi was able to condense a one year build process from the drawing boards to reality in only four weeks! The all-electric Hoonitron is essentially a fully modernized version of one of my favorite race cars, the legendary Group B Audi Sport Quattro S1 E2, so I'm extremely excited for this. All that's left now is to patiently wait for my opportunity to Hoon it.Subscribe to my channel for more:  me on Instagram:  on Facebook:  gear that The Hoonigans make for me: ",Autos & Vehicles
17,Sarah‚Äôs Secret Friend PART 3,@Mrs. Bench,Comedy
18,Spider-Man: No Way Home - Movie Review,"Holiday Season Deal! Go to  to get a 2 year plan at 73% OFF + 1 free month! Thanks to NordVPN for sponsoring this video.The trailers made the hype real, and now Spider-Man: No Way Home is here! Here's my NON SPOILER review!#SpiderManNoWayHome",Entertainment
19,The Shortest vs. Tallest NFL QB's ever... Which is better?,"Thanks to Bespoke Post for sponsoring this video! New subscribers get 20% off their first box ‚Äî go to  and enter code KTO20 at checkout.Which is better? The abnormally tall QBs or the abnormally short QBs?Welcome to my channel! My videos are all things football. Hypothetical scenarios, game and player breakdowns, predictions, and football stories. If you like my videos be sure to subscribe and let me know what you think down below!Outro- The Fix by Aldous Young",Sports
20,A Pokemon YouTuber thought he was better than me...,"I raced @aDrive in a Pokemon Emerald Map Randomizer raceIf you wanna try this, PointCrow's Universal Map Randomizer can be found here:  by: AtSign, XLuma, TurtleisaacYou should watch me live on Twitch:     Office Box (I'll open it on stream):Tanner AntPO Box 283 Prince George APrince George, BCV2L4S2#SmallAnt #aDrive #Pokemon",Gaming
21,ASMR Full Body Physical Exam,"Hi everyone! It's Latte :)In this video, I will perform a physical exam for you. I hope you enjoy!Thank you so much for watching and have a nice day~‚ô• Love you all :DThank you for your support‚ô• : ",Entertainment
22,Minecraft has cascades now?,"Minecraft has cascades now? Since my Minecraft splash mod basing itself on the Minecraft Caves & Cliffs Part II trailer effects has made quite a splash, I received requests to also add the cascade / waterfall mist effect also seen in the trailer, so I did! Enjoy this Minecraft mod for 1.18 while we patiently wait for the Wild Update.Download Effective! ‚û§ Twitter:  Discord:  Twitch:  #Minecraft1.18 #CavesAndCliffs",Gaming
23,GTA 5 Online The Contract DLC UPDATE! (EVERYTHING You Missed In The NEW The Contract DLC!),"GTA 5 Online: New The Contract DLC Update! New Cars, Weapons, Missions, Music & More! NEW GTA 5 ONLINE DLC OUT NOW! (EVERYTHING That Came Out In The Contract DLC!)Checkout My Recent Video  MY NEW DISCORD SERVER!! My Socials ‚Ä¢Instagram  ‚Ä¢Tiktok  ‚Ä¢Twitter  a Channel Member On My Channel! Custom Emojis For Chat & More!  Xbox Gamertag: aT IM FRESH‚Ä¢My PSN Gamertag: aTIMFRESHtagstips,weekly, discounts, gta, online, podium car, new, sales, x2 rp, x2 money, whats the, gta5, gta 5, update, money, emerus, entity xxr, nightshark, properties, bunkers,gtamen, gta online, gta online money guide, gta online event week, gta online event week guide, gta online money, gta online double money, double money, gta event week, gta online podium vehicle, podium vehicle, gta 5, gta 5 online, gta 5 event week, gta 5 double money, gta 5 triple money, gta 5 double money this week, gta 5 this week, gta 5 discounts, gta online discounts, gta 5 money guide, gta 5 best discounts, gta online best discounts, best discounts,gta 5 double money this week, gta online weekly double rp and cash, gta online weekly update, gta 5 bonuses this week, gta online weekly discounts, double money gta, gta double money, gta 5 triple money this week, triple money, gta online weekly double money, gta v, gta 5, gta online, gta, weekly, this week, double money, triple, money, bonuses, bonus, discounts, sales, update, this week's update, this week's discounts, events, rp and cash, gta online triple money this week,gta 5 double money and rp, gta 5 discounts this week, gta 5 bonuses this week, gta 5 update, gta v discounts this week, gta v update, gta discounts, gta online dlc, gta online double money, gta online discounts this week, gta 5 online discounts this week, gta 5 online double money, gta 5 money glitch, gta 5 solo money glitch, gta 5 dlc, gta 5 double money, gta 5 new update, gta 5 update 2020, gta 5 dlc 2020, gta 5 new podium car, gta 5 podium car, gta 5 how to win the car,gtamen, gta online, gta online money guide, gta online event week, gta online event week guide, gta online money, gta online double money, double money, gta event week, gta online podium vehicle, podium vehicle, gta 5, gta 5 online, gta 5 event week, gta 5 double money, gta 5 triple money, gta 5 double money this week, gta 5 this week, gta 5 discounts, gta online discounts, gta 5 money guide, gta 5 best discounts, gta online best discounts, best discounts,gta online dlc,gta online the contract,gta online the contract dlc,gta 5 online,gta 5 the contract,gta 5 the contract dlc,gta 5 online the contract,gta the contract dlc,the contract,gta the contract,gta 5,gta online new dlc,gta v online,gta online update,gta,gta 5 online the contract dlc,gta online los santos tuners dlc,gta 5 dlc,gta 5 los santos tuners dlc,the contract dlc,the contract dlc gta 5,gta online december dlc",Gaming
24,Dustin Poirier Might Not Fight at 155 Pounds Again | The MMA Hour,"Dustin Poirier discusses his loss in the UFC 269 main event, if he will get another title shot, if he will return at 155 pounds, what went wrong in the third round, who he might fight next, and more on The MMA Hour on Wednesday.Subscribe to MMA Fighting on YouTube:  to The MMA Hour on iTunes:  to The MMA Hour on Spotify:  to MMA Fighting feed on iTunes:  out our full video catalog:  our playlists:  MMAF on Facebook:  on Twitter:  More:  Fighting is your home for exclusive interviews, live shows, and more for one of the world's fastest-growing sports. Get latest news and more here: ",Sports
25,"GTA 5 - Buying The NEW $5,000,000 AGENCY Business Property! (The Contract DLC)",Part of The Contract DLC Update,Gaming
26,Ted Lasso ‚Äî The Missing Christmas Mustache | Apple TV+,"Ted Lasso presents: The Missing Christmas Mustache. Watch Ted Lasso now, only on Apple TV+  winner Jason Sudeikis as Ted Lasso, an American football coach hired to manage a British soccer team ‚Äî despite having no experience. But what he lacks in knowledge, he makes up for with optimism, underdog determination ‚Äî and biscuits. The widely acclaimed series also stars Emmy¬Æ winner Hannah Waddingham, Emmy¬Æ winner Brett Goldstein, Brendan Hunt, Jeremy Swift, Juno Temple, Phil Dunster, and Nick Mohammed. Sarah Niles joins the cast this season as Sharon, a sports psychologist who has been brought in to work with AFC Richmond.Subscribe to Apple TV‚Äôs YouTube channel:  Follow Ted on Twitter: Apple TV:Instagram:     Apple TV+Instagram:  More from Apple TV:  TV+ is a streaming service with original stories from the most creative minds in TV and film. Watch now on the Apple TV app:  #Christmas #AppleTV",Entertainment
27,The Richest Villager in Minecraft,"This video is a continuation of the villager prison video: Credits:""Adding the Sun"", ""At Rest"", ""Chillin Hard"", ""Island Meet and Greet"", ""Man Down"", ""Rising"", ""Screen Saver"", ""Thunder Dreams""Kevin MacLeod (incompetech.com)Licensed under Creative Commons: By Attribution 3.0",Gaming
28,I‚Äôve been lying,,Entertainment
29,TOM HOLLAND AND ZENDAYA TAKE ON THE ULTIMATE SPIDER-MAN QUIZ!,"TOM HOLLAND AND ZENDAYA TAKE ON THE ULTIMATE SPIDER-MAN QUIZ! Subscribe to our channel:  live, get music news & more:  us on Instagram:  us on Facebook:  us on Twitter:  our free KISS KUBE app: ",Music
30,All Access- Paul vs. Woodley 2 - Part 3,"I'm coming to TAMPA on Dec. 18t!. Watch me fight Vs Tommy Fury live on Showtime PPV.PPV Live-December 18th live on pay-per-view #PaulWoodley II Leave No Doubt SHOWTIME + cable and sat FITE.tv FITE.tv +local cable and sat FITE.tv + MainEvent / Foxtel FITE.tvEurope FITE.tvAsia FITE.tvAfrica FITE.tv Middle East FITE.tvTICKETS ON SALE NOW ‚û§   ‚û§  PROBLEM BOT ‚û§  ‚û§   #ShowtimePPV #JakePaul #TyronWoodleySUBSCRIBE ‚û§  ‚Ü™ watch sum mo stuff‚û§  LINK HEREINSTAGRAM ‚û§   TWITTER ‚û§   ‚ö† WARNING ‚ö†Please be warned (and we cannot possibly stress this enough); under no circumstances should any challenges, stunts, or pranks be attempted by any of our viewers. All challenges, stunts, and pranks are performed by trained professionals in a controlled environment and are for entertainment purposes only. Again, do not try anything you see in this content at home and always consult a parent or adult with any questions or concerns.",People & Blogs
31,How I got SCAMMED buying a Plymouth Superbird online sight unseen (So much broken/missing),BUY the Hoovie-Superbird shirt for that 70's muscle car vibe (LIMITED TO 250 shirts) ME ON INSTAGRAM!  me on Twitter!  me on Facebook! ,Autos & Vehicles
32,Spider Man TRIVIA in Fortnite!,"Spider-Man: No Way Home trivia in Fortnite! (100 player Fortnite Trivia #12) More Fortnite Trivia (Full Playlist) ‚ûî  Support-A-Creator code: NickEh30 (Epic Partner)‚îÅ‚îÅ‚îÅ‚îÅ‚îÅ‚îÅ‚îÅ‚îÅ‚îÅ‚îÅ‚îÅ‚îÅ‚îÅ TWITCH ‚ûî  YOUTUBE SHORTS ‚ûî @Nick Eh 30 Shorts INSTAGRAM ‚ûî  TWITTER ‚ûî  FACEBOOK ‚ûî  TIKTOK ‚ûî  DISCORD ‚ûî  SNAPCHAT ‚ûî  My Official Nick Eh 30 Merch ‚ûî  My new Nick Eh 30 Gfuel Shaker Cup ‚Üí  Code NickEh30 for 30% off!‚îÅ‚îÅ‚îÅ‚îÅ‚îÅ‚îÅ‚îÅ‚îÅ‚îÅ‚îÅ‚îÅ‚îÅ‚îÅ More 100 player Fortnite matches (Full Playlist) ‚ûî  Music in this video from ‚ûî  Send Nick Eh 30 mail:Nick Eh 30PO Box 31047 GladstoneHalifax, Nova ScotiaB3K 5T9‚Ä¢ All mail/packages should be sent using Canada Post (not UPS, FedEx, etc.), please and thank you. ‚îÅ‚îÅ‚îÅ‚îÅ‚îÅ‚îÅ‚îÅ‚îÅ‚îÅ‚îÅ‚îÅ‚îÅ‚îÅ#Fortnite #CodeNickEh30",Gaming
33,"LAKERS at MAVERICKS | FULL GAME HIGHLIGHTS | December 15, 2021","Stream More Live Games With NBA LEAGUE PASS:  to the NBA:  Reaves knocked down a three from the right wing with 0.9 seconds remaining in overtime to lift the Los Angeles Lakers over the Dallas Mavericks, 107-104. LeBron James recorded 24 PTS and 5 AST for the Lakers, while Russell Westbrook (23 PTS, 10 REB, 9 AST) and Anthony Davis (20 PTS, 12 REB) added a combined 43 PTS in the victory. Kristaps Porzingis tallied 23 PTS, 12 REB and 2 BLK for the Mavericks in the losing effort. The Lakers improve to 16-13 on the season, while the Mavericks fall to 14-14.Next Games:Los Angeles Lakers vs. Minnesota Timberwolves - December 17 at 10pm/et on ESPNDallas Mavericks vs. Minnesota Timberwolves - December 19 at 8pm/et on NBA League Pass1Q 0:002Q 0:293Q 2:154Q 4:37OT 7:43",Sports
34,A New Journey on a Mysterious Island Begins! - ARK Lost Island [DLC Episode 1],"ü¶ñ Subscribe for More Ark ‚ûú   Hit the Notification Bell to keep up with my Uploads! My Clothing Store ‚ûú  Syntac 5% Off PC's with Code Syntac ‚ûú  Buy Gfuel with Code Syntac ‚ûú  5% Off G-Portal Servers ‚ûú  Become a Patron ‚ûú  Syntac   Production Music Courtesy of Epidemic Sound ‚ûú  A New Journey on a Mysterious Island Begins! - ARK Lost Island [DLC Episode 1] W/ SYNTAC#ARK #ARKLostIsland #ARKEpisode1The Lost Island Series is a Syntac Adventure on ARKs latest Map. In this series Syntac will tame, breed and mutate all of the new beasts that roam this ARK, the Amargasaurus, the Dinopithecus and the Sinomacrops with the hopes of facing the Dinopithecus King Boss and his minions!",Gaming
35,I wonder WHY he went to prison!  #shorts,,Gaming
36,Sarah‚Äôs Secret Friend  pam_a_cake #shorts,,Comedy
37,What's The Most Hated Thing In Each State?,"Today, we're guessing the most HATED thing in every state! Check it out on Good Mythical MORE, the show after the show! GMMORE # 2086Subscribe to GMMORE:  today's GMM:  the bell icon so you'll know when we add a new episode!Want more GMMORE? Check out these playlists:Good Mythical Summer 2021 -  19 -  18 -  17 -  16 -  a copy of our novel, The Lost Causes of Bleak Creek @  up official GMM and Mythical merch at   miss our weekly podcast, Ear Biscuits:  the Mythical Society:  Mythical:Instagram:      Out Our Other Mythical Channels:Good Mythical Morning:  Kitchen:  & Link:  to send us something?  your Wheel of Mythicality intro video here:  Animation by:Matthew Dwyer  Pasley  & Outro Music by Mark Byers  the GMM Set Gear!* Apple AirPort Extreme:  Apple iPad Pro (12.9-inch, Wi-Fi, 64GB) - Space Gray (Latest Model) - MTEL2LL/A:  Guardian Industrial Products DH-CP-4 3 Channel Rubber Cable Ramp (Straight):  Cartoni Focus HD Fluid Head with 3 Tube Ultra-Light Tripod, Mid-Level Spreader and Soft Case - Black:  ARRI SkyPanel S60-C LED Softlight (Blue/Silver, Edison):  Chef-Master 90050 Professional Heat Lamp, Silver:  Samsung UN40H5003 40-Inch 1080p LED TV (2014 Model):  Sony LMDA170 17"" Production Video LCD Monitor, 16:9 Native Aspect Ratio, 1080p Resolution:  Behringer Xenyx 1002 Premium 10-Input 2-Bus Mixer with XENYX Mic Preamps and British Eqs:  Elgato Game Capture Card HD60 S - Stream and Record in 1080p60, for PlayStation 4, Xbox One & Xbox 360 (Renewed):  Pyle Universal Speaker Stand Mount Holder - Heavy Duty Tripod w/ Adjustable Height from 40‚Äù to 71‚Äù and 35mm Compatible Insert - Easy Mobility Safety PIN and Knob Tension Locking for Stability PSTND2:  JBL EON612 Portable 12"" 2-Way Multipurpose Self-Powered Sound Reinforcement:  Bolt 500 XT 3G-SDI/HDMI Wireless TX/RX:  Voigtlaender 17,5/0,95 Nokton 17.5 mm-17.5 mm Lens:  Blackmagic Design Micro Converter SDI to HDMI (with Power Supply) BMD-CONVCMIC/SH/WPSU:  Panasonic H-HSA35100 F2.8 II ASPH 35-100mm Mirrorless Micro Four Thirds Mount POWER Optical I.S. LUMIX G X VARIO Professional Lens:  PANASONIC LUMIX Professional 12-35mm Camera Lens G X VARIO II, F2.8 ASPH, Dual I.S. 2.0 with Power O.I.S., Mirrorless Micro Four Thirds, H-HSA12035 (2017 Model, Black):  Decimator Design DMON-12S | 12 Channel Multi Viewer with HDMI SDI Outputs:  Decimator MD-HX HDMI and SDI Cross Converter with Scaling & Frame Rate Conversion:  PANASONIC LUMIX GH4 Body 4K Mirrorless Camera, 16 Megapixels, 3 Inch Touch LCD, DMC-GH4KBODY (USA Black):  Blue Microphones Mouse Microphone Kc: ",Entertainment
38,My Toddler paints her Zodiac sign!! #shorts,,People & Blogs
39,The Unbearable Weight of Massive Talent (2022 Movie) Official Red Band Teaser Trailer ‚Äì Nicolas Cage,"The Unbearable Weight of Massive Talent ‚Äì In Theaters April 22, 2022. Nicolas Cage, Pedro Pascal, Sharon Horgan, Ike Barinholtz, Alessandra Mastronardi, Jacob Scipio, Lily Sheen, with Neil Patrick Harris, and Tiffany HaddishSubscribe to the LIONSGATE YouTube Channel for the latest movie trailers, clips, and more:  ‚Äã#UWMT Cage stars as... Nick Cage in the action-comedy The Unbearable Weight of Massive Talent. Creatively unfulfilled and facing financial ruin, the fictionalized version of Cage must accept a $1 million offer to attend the birthday of a dangerous superfan (Pedro Pascal). Things take a wildly unexpected turn when Cage is recruited by a CIA operative (Tiffany Haddish) and forced to live up to his own legend, channeling his most iconic and beloved on-screen characters in order to save himself and his loved ones. With a career built for this very moment, the seminal award-winning actor must take on the role of a lifetime: Nick Cage.",Film & Animation
40,Everything Everywhere All At Once | Official Trailer HD | A24,"SUBSCRIBE:  film from Daniels and starring Michelle Yeoh, Ke Huy Quan, Stephanie Hsu, Jenny Slate, Harry Shum Jr., with James Hong and Jamie Lee Curtis. EVERYTHING EVERYWHERE ALL AT ONCE ‚Äì In Theaters March 25, 2022! #EverythingEverywhereRELEASE DATE: March 25, 2022DIRECTOR: DanielsCAST: Michelle Yeoh, Stephanie Hsu, Ke Huy Quan, Jenny Slate, Harry Shum Jr., with James Hong and Jamie Lee CurtisFollow Everything Everywhere Instagram:  Everything Everywhere on Twitter:  Everything Everywhere on Facebook:  A24:The studio behind MOONLIGHT, LADY BIRD, EX MACHINA, THE WITCH, EIGHTH GRADE, HEREDITARY, THE FAREWELL, UNCUT GEMS, MINARI & more.Coming Soon: The Tragedy of Macbeth, Everything Everywhere All At OnceSubscribe to A24's NEWSLETTER:   A24 WEBSITE:  A24 on FACEBOOK:  A24 on TWITTER:  A24 on INSTAGRAM: ",Film & Animation
41,I Trapped POPPY PLAYTIME in Minecraft with Craftee,I Trapped POPPY PLAYTIME in Minecraft with Craftee with PrestonPlayz  MERCH -  ‚ù§Ô∏è FRIENDSü°Ü @Craftee  FOLLOW ME HERE!ü°Ü TikTok -  Instagram -  Twitter -  PrestonShorts -  Join my Fan Discord! ü°Ü   - Lego Imposter Mod in Among Us - The Boy BITTEN by HUGGY In Minecraft! - The Most EPIC Minecraft BATTLE On The Internet! music provided by Epidemic SoundClick here for a free trial! ü°Ü ,Gaming
42,u totally caught me making soup,"basil, pea, and potato soup recipe:- Boil 12 chopped fingerling potatoes for 20 minutes, and boil 4 cups of fresh english peas for 5 minutes, then set both aside - Heat olive oil in a large pot over medium-low heat, add 1 cup chopped shallots for 8 to 10 minutes, then add 3 chopped garlic cloves in the last 2-3 minutes- Add 6 cups water, 3-4 tsp of vegetable better than bouillon, 1 tsp salt, and 0.5 tsp pepper. Bring to a boil, then reduce the heat to medium-low and cook, uncovered, for 10 minutes.- Remove the broth from the heat, add 0.5 cup basil and 0.25 cup parmesan, then pour broth into a blender- blend the mixture (excluding the peas and potatoes)- put the blended broth back in the pot, add peas and potatoes, bring to a boil, then remove from heat- garnish with parmesan, chives, basil, etcchamberlain coffee:website:  instagram:   @chamberlaincoffeepodcast:spotify:   ",Entertainment
43,New faces from the Hisui Region | Pok√©mon Legends: Arceus,"Meet the Hisui region‚Äôs Diamond and Pearl Clans, as well as the merchants from the Ginkgo Guild. ü§ùThere‚Äôs so much more to discover in #PokemonLegendsArceus!",Gaming
44,"This Fast & Furious Storm Will Bring RARE Nocturnal Tornadoes, Serial Derecho, and more‚Ä¶","Thanks for watching! In this video we are forecasting yet another rare #December #severe #weather event in the plains and upper Midwest. The SPC has already issued a #moderate risk of severe weather with a 45% chance of damaging winds & a 10% chance of #significant #tornadoes. We‚Äôre gonna talk about every aspect of this fast moving storm so you can stay ahead of it.. Join this channel to get access to perks and become an OFFICIAL StormSeeker!: Severe Weather Risk: 0:00Potential Tornado / Derecho Risk Analysis: 1:44Don't Be Scared, Be Prepared: 8:35_____________________________________Check out the StormSeekers discord server! me on these things: INQUIRIES: info@ryanhallyall.comWEATHER MERCH!!! (USE CODE RYANHALLYALL FOR 5% OFF EVERYTHING)Radar Hoodie:  SAVING PRODUCT:NOAA Weather Radio From Midland (BEST ONE):  us something in the mail!PO Box 2668Pikeville, KY 41501Here's all my gear:Weather Station:   Interface:   (How I'm using my camera as a webcam): ",Entertainment
45,I can't believe what this LASER does. ,Do consider subscribing to my Shorts Channel! Main Mrwhosetheboss YouTube Channel:  #tech #gadgets,Science & Technology
46,I Made A Baby,"Thanks to Established Titles for sponsoring today's video. Go to  to save 10% today.I Made A BabyWritten, Animated, Thumbnailed by:Young Don The Sauce GodBackground Art by:Young Don The Sauce God",Film & Animation
47,We Are Moving Out!!! But With a Bad Twist...,Save 40% or more on your SimpliSafe security system during their holiday sale. Visit  to learn more!Thanks so much for all the love and support guys!!! Grab a shirt/hoodie/patch and join the Demolitia today!!!  out our custom athletic line!!! Be careful that you don't get too attractive tho.  ,Entertainment
48,Riddle School speedruns are incredibly clever,"Riddle School is a classic flash game about escaping a school, since your teachers are dumb. Today, we're speedrunning through every game in the series. To speedrun them, we use some very clever solutions, and go way to fastWatch live at:  Twitter:  Instagram:  Merch:  by: @The Suited Bird Watch the world record speedrun here:  channel generally focuses on a more casual side of speedruns. With these videos I want to show off cool speedruns, explain how they work, and entertain. Hopefully you enjoy the content and maybe even take up speedrunning yourself, because it is truly a lot of fun!#EazySpeezy #RiddleSchool #Speedrun",Gaming
49,Building & Riding the Backyard Safety Bridge,"For our next home improvement project, we‚Äôre back on Thumb Bucket trail! After the wallride, we needed a way to get around some big trees, so we built a mountain bike bridge. Also in this video, rock work, singletrack, and some action!Berm Peak Apparel Bucket Playlist  out Joe‚Äôs channel  Kevin for trail building!  Peak Hoodies, Beanies, Jerseys, Shirts out our second channel for ""express"" videos    in this video is from   Berm Park! The free public bike park that YOU can ride! Join my Patreon and 100% of the proceeds go towards funding this. Construction currently VERY underway!Learn more here  explaining Berm Park  disclosure: All of these videos contain products, logos, or mentions associated with Diamondback Bicycles. Whether or not the video itself was sponsored by Diamondback, they do support this channel, and by extension, every video on it.",Sports
50,Worth The Hype?! | Spider-Man: No Way Home Review | *HEAVY SPOILERS*,"Spider-Man: No Way Home packs in a lot, but nothing is wasted. While we might question some narrative choices, the movie provides more payoffs that ties in 20 years of Spider-Man films, and shows audiences that more surprises are on the way.Read our review:  post-credit scenes explained:  questions after watching Spider-Man: NWH:  Culture is supported by:Secretlab Gaming Chair:  G:  Pro 2020 Standing Desk:  Terravault Display Cabinet:  setupCamera: Canon R3 / Lens RF 50mm 1.2 Audio: Zoom F6 / Neumann TLM 107 Lighting Aputure 300X Visit us:  us on Facebook:  us on Instagram:  #SpiderMan #MarvelStudios",Film & Animation
